name,description,stand_id,category,brands,is_not_on_map,festival_city,festival_slug
Distilleerderij de Bronckhorst,"Ambachtelijke Nederlandse single malt whisky, ter plaatse gedistilleerd in de Achterhoek.",1,dutch,Nederlandse Whisky,Nee,Den Haag,den-haag
Mitra,Mitra slijterijen presenteert een gevarieerde selectie van bekende en zeldzame whisky's.,2,world,Merken volgen later,Nee,Den Haag,den-haag
Bresser en Timmer,Toonaangevende importeur van craft spirits. Is 1 stand geworden (stand 3 & 4) t.o.v. 2025.,3,scotch,"Craft Spirits, Merken volgen later",Nee,Den Haag,den-haag
Bresser en Timmer,Toonaangevende importeur van craft spirits. Is 1 stand geworden (stand 3 & 4) t.o.v. 2025.,4,scotch,"Craft Spirits, Merken volgen later",Nee,Den Haag,den-haag
Cley Whisky + Cley Warehouse,Rotterdamse craft distilleerderij die eigentijdse single malt en rye whisky's maakt met lokaal graan.,5,dutch,Nederlandse Whisky (Rotterdam),Nee,Den Haag,den-haag
SMWS (Scotch Malt Whisky Society),De Schotse Malt Whisky Society biedt exclusieve single cask bottelingen voor clubleden.,6,world,Whisky Club,Nee,Den Haag,den-haag
De Monnik Dranken,Familiebedrijf en importeur met een prachtig portfolio aan Schotse single malts.,7,scotch,Merken volgen later,Nee,Den Haag,den-haag
Whisky Import Nederland (WIN),Importeur van exclusieve onafhankelijke bottelingen.,8,independent,Merken volgen later,Nee,Den Haag,den-haag
Cane & Grain,Onafhankelijke bottelingen en unieke single casks.,9,independent,Merken volgen later,Nee,Den Haag,den-haag
Anker Amsterdam Spirits,Groothandel en importeur van diverse dranken en spirits.,10,world,Merken volgen later,Nee,Den Haag,den-haag
Diageo,"Klassieke Schotse single malts, van de zachte Singleton tot de intens rokerige Lagavulin en maritieme Talisker.",11,scotch,"Singleton, Talisker, Lagavulin",Nee,Den Haag,den-haag
Van Wees Holland,Bekende importeur uit Amersfoort met een rijk aanbod aan onafhankelijke bottelingen.,12,independent,Merken volgen later,Nee,Den Haag,den-haag
Maltstock,"Het gezelligste whisky-weekend ter wereld, met proeverijen en trail-begeleiding.",13,world,"Whisky Club, Trail begeleiders",Nee,Den Haag,den-haag
Brouwers2Import,Importeur van diverse internationale whisky's en gedistilleerd.,14,world,"Merken volgen later, Ardbeg, Glenmorangie",Nee,Den Haag,den-haag
Moët Hennessy,De ultieme Islay malts Ardbeg en de verfijnde Glenmorangie uit de hoogste ketels van Schotland.,15,scotch,"Ardbeg, Glenmorangie",Nee,Den Haag,den-haag
Trade in Spirits,Importeur van diverse premium spirits.,16,world,Merken volgen later,Nee,Den Haag,den-haag
International Whisky Society (IWS),"De International Whisky Society viert het 25-jarig jubileum met exclusieve festivalbottelingen door de jaren heen, glazen en gifts!",17,world,"Whisky Club, Festival Bottelings door de jaren heen, NIEUW en speciaal voor het 25-jarig jubileum, Gifts, Glazen",Nee,Den Haag,den-haag
BUS Whisky,"Duurzame Nederlandse single malt whisky, lokaal verbouwd op de BUS boerderij.",18,dutch,Nederlandse Whisky,Nee,Den Haag,den-haag
Stand 19 (Centraal Eiland),Centrale eiland standruimte.,19,organisation,Proeftafel / Eiland,Nee,Den Haag,den-haag
Helvetia Spirits,Ambachtelijke single malt whisky uit Zwitserland.,20,world,Zwitserse Whisky,Nee,Den Haag,den-haag
The Chamberick,Lokale Nederlandse whisky uit Kamerik.,21,dutch,Nederlandse Whisky,Nee,Den Haag,den-haag
Ben Becula Distillery,Nieuwe distilleerderij van de Schotse Outer Hebrides.,22,scotch,Ben Becula,Nee,Den Haag,den-haag
Willem’s Whisky,Ambachtelijke Nederlandse whisky.,23,dutch,Merken volgen later,Nee,Den Haag,den-haag
Het Anker België,Belgische whisky en bieren van stokerij Het Anker.,24,world,Merken volgen later,Nee,Den Haag,den-haag
Bresser en Timmer (Proeftafel),Extra proeftafel van Bresser en Timmer.,25,scotch,Merken volgen later,Nee,Den Haag,den-haag
Nog te VERKOPEN als stand,Standruimte beschikbaar.,27,organisation,Volgt asap,Nee,Den Haag,den-haag
Bacardi,Importeur van Teeling Irish Whiskey en andere premium merken.,28,world,"Teeling, Meer merken volgen later",Nee,Den Haag,den-haag
Remy Cointreau,"Progressieve Islay distilleerderij, producent van Bruichladdich, Port Charlotte en Octomore.",29,scotch,Bruichladdich,Nee,Den Haag,den-haag
Well of Wine,Wijnen en proeverij selectie op het festival.,30,world,Wijnen & Proeverij,Nee,Den Haag,den-haag
La Martiniquaise Benelux,Toegankelijke Speyside single malts met rijping op diverse vaten.,31,scotch,Merken volgen later,Nee,Den Haag,den-haag
Dutch Whisky Teers,Onafhankelijke bottelaars van bijzondere en zeldzame whisky's.,32,independent,Merken volgen later,Nee,Den Haag,den-haag
Barrel Tea,Alcoholvrije whisky-thee en diverse whisky-gerelateerde gifts.,34,catering,"Alcohol vrije whisky – Thee, Gifts",Nee,Den Haag,den-haag
Brugse Whisky Company,Belgische single malt en rye whisky uit Brugge.,35,world,Belgische Whisky uit Brugge,Nee,Den Haag,den-haag
Perfect Dram,Standruimte voor Perfect Dram.,36,independent,Merken volgen later,Nee,Den Haag,den-haag
Absolutely Nuts Spirits,Ambachtelijke gedistilleerde dranken en whisky.,37,independent,Craft Spirits,Nee,Den Haag,den-haag
Nog te VERKOPEN als stand,Standruimte beschikbaar.,38,organisation,Volgt asap,Nee,Den Haag,den-haag
Worsten-stand,"Uitgifte van worstenplateaus tijdens VIP sessies, verkoop van worsten en hapjes.",39,catering,"Afhalen worstenplateau tijden VIP sessie, Verkoop Worsten, Verkoop hapjes",Nee,Den Haag,den-haag
Barrel Atelier,Ambachtelijke meubels en accessoires gemaakt van gebruikte eikenhouten whiskyvaten.,40,catering,Gifts,Nee,Den Haag,den-haag
Whisky Boeken – Whisky Passion,Het bekende tijdschrift Whisky Passion en diverse whiskyboeken & gifts.,41,catering,Gifts en boeken,Nee,Den Haag,den-haag
Kapel Noord (Tasting Room),Exclusieve tasting room in Kapel Noord.,42,organisation,Exclusieve Tasting Room,Nee,Den Haag,den-haag
Stokerij Sculte,"Bekroonde Nederlandse single malt whisky, gerijpt op Twents eiken.",43,dutch,Nederlandse Whisky,Nee,Den Haag,den-haag
De Monnik Dranken (Tafel B),Extra tasting proeftafel van De Monnik Dranken.,44,scotch,Merken volgen later,Nee,Den Haag,den-haag
Disaronno International,Importeur van The Irishman Irish Whiskey en Cotswolds single malt.,45,world,"The Irishman, Cotswolds, Meer merken volgen later",Nee,Den Haag,den-haag
Maple & More,Canadian Whisky Liqueur.,46,world,Whisky Likeur uit Canada,Nee,Den Haag,den-haag
Koninklijke De Kuyper,"De Kuyper Royal Distillers toont legendarische turfwhisky's (Bowmore, Laphroaig) en Japanse whisky's van House of Suntory.",47,world,"Bowmore, Laphroaig, House of Suntory",Nee,Den Haag,den-haag
Perfect Dram (Stand 48),Tasting stand van Perfect Dram.,48,independent,Merken volgen later,Nee,Den Haag,den-haag
Organisatie & Infobalie,"De centrale organisatiebalie voor al uw praktische vragen over het festival, muntinname en programmaonderdelen.",O,organisation,"Algemene Vragen, Muntinname, Plattegronden",Nee,Den Haag,den-haag
S: Slijterij,De officiële festivalslijterij waar u geselecteerde flessen kunt kopen.,S,organisation,Selectie flessen die te koop is,Nee,Den Haag,den-haag
C: Catering,"Afhalen bitterballen plateau tijdens VIP sessie, snacks en catering.",C,catering,"Afhalen bitterballen plateau tijdens VIP sessie, Food",Nee,Den Haag,den-haag
U: Uitgifte glazen & bottelingen,Uitgifte van festivalproefglazen bij de entree en uitgifte van festivalbottelingen aan het einde van de sessie.,U,organisation,"Uitgifte glazen in het begin, Uitgifte festival botteling aan het einde van de sessie",Nee,Den Haag,den-haag
Demi’s Chocolaterie,"Ambachtelijke chocolade, gifts en whisky bonbons.",NP1,catering,"Food, Gifts, Whisky Bonbons",Ja,Den Haag,den-haag
Kiltshop,"Traditionele Schotse kilts, kleding en accessoires.",NP2,catering,"Gifts, Kleding",Ja,Den Haag,den-haag
Van Weringhs Whisky World,Zeldzame en oude whisky specials.,NP3,independent,"Oude Whisky’s, Specials",Ja,Den Haag,den-haag
Kaas Ad Rehorst,"Uitgifte kaas-plateaus tijdens VIP sessies, gifts en verkoop van kaasplateaus.",NP4,catering,"Uitgifte kaas-plateau’s tijden VIP sessie, Gifts, Verkoop kaas-plateau",Ja,Den Haag,den-haag
Whisky Base,De grootste online whisky database en community ter wereld.,NP5,world,Whisky Database & Community,Ja,Den Haag,den-haag