title,description,category,price,date_label,time_label,day,daypart,location,booking_type,capacity,sold,is_sold_out,status_badge,festival_city,festival_slug,ambassador_name,ambassador_title,ambassador_bio,tasting_lineup
VIP Sessie - Vrijdagmiddag,,entree,79.5,Vrijdag 13 Nov 2026,13:00 - 17:00 uur,vrijdag,middag,,Vrij te boeken voor iedereen,850,850,Ja,sold-out,Den Haag,den-haag,,,,
Entree Vrijdagavond,,entree,55,Vrijdag 13 Nov 2026,19:00 - 23:00 uur,vrijdag,avond,,Vrij te boeken voor iedereen,1250,0,Nee,none,Den Haag,den-haag,,,,
Entree Zaterdagmiddag,,entree,55,Zaterdag 14 Nov 2026,13:00 - 17:00 uur,zaterdag,middag,,Vrij te boeken voor iedereen,1250,1250,Ja,sold-out,Den Haag,den-haag,,,,
Entree Zaterdagavond,,entree,55,Zaterdag 14 Nov 2026,19:00 - 23:00 uur,zaterdag,avond,,Vrij te boeken voor iedereen,1250,1250,Ja,sold-out,Den Haag,den-haag,,,,
Entree Zondagmiddag,,entree,55,Zondag 15 Nov 2026,13:00 - 17:00 uur,zondag,middag,,Vrij te boeken voor iedereen,1250,0,Nee,none,Den Haag,den-haag,,,,
Macallan Torentasting (Inc. Beklimming),,masterclass,77.5,Vrijdag 13 Nov 2026,11:15 - 13:00 uur,vrijdag,ochtend,Toren-Zolder,Vrij te boeken voor iedereen,20,0,Nee,none,Den Haag,den-haag,,,,
Macallan Torentasting (Zonder Beklimming),,masterclass,70,Vrijdag 13 Nov 2026,12:00 - 13:00 uur,vrijdag,ochtend,Toren-Zolder,Vrij te boeken voor iedereen,15,0,Nee,none,Den Haag,den-haag,,,,
SMWS Single Cask Masterclass,,masterclass,25,Vrijdag 13 Nov 2026,12:15 - 13:00 uur,vrijdag,ochtend,Foyer,Vrij te boeken voor iedereen,30,0,Nee,none,Den Haag,den-haag,,,,
Teeling Whiskey Masterclass,,masterclass,20,Vrijdag 13 Nov 2026,12:15 - 13:00 uur,vrijdag,ochtend,Spaarkamer,Vrij te boeken voor iedereen,21,0,Nee,none,Den Haag,den-haag,,,,
Whisky & Bites (Dennis Mulder),,masterclass,27.5,Vrijdag 13 Nov 2026,12:15 - 13:00 uur,vrijdag,ochtend,Telkamer,Vrij te boeken voor iedereen,30,0,Nee,none,Den Haag,den-haag,,,,
Glenfiddich Old Timers (Tony van Rooijen),,masterclass,55,Vrijdag 13 Nov 2026,14:00 - 14:45 uur,vrijdag,middag,Telkamer,Vrij te boeken voor iedereen,30,0,Nee,none,Den Haag,den-haag,,,,
Glengoyne & Tamdhu Masterclass,,masterclass,17.5,Vrijdag 13 Nov 2026,14:00 - 14:45 uur,vrijdag,middag,Foyer,Vrij te boeken voor iedereen,30,0,Nee,none,Den Haag,den-haag,,,,
House of Suntory: Japanese Portfolio,,masterclass,20,Vrijdag 13 Nov 2026,15:30 - 16:15 uur,vrijdag,middag,Foyer,Vrij te boeken voor iedereen,30,0,Nee,none,Den Haag,den-haag,,,,
Stokerij Sculte Masterclass,,masterclass,49.5,Vrijdag 13 Nov 2026,15:30 - 16:15 uur,vrijdag,middag,Telkamer,Vrij te boeken voor iedereen,30,0,Nee,none,Den Haag,den-haag,,,,
The Balvenie Old Timers (Tony van Rooijen),,masterclass,65,Vrijdag 13 Nov 2026,18:30 - 19:15 uur,vrijdag,avond,Foyer,Vrij te boeken voor iedereen,30,0,Nee,none,Den Haag,den-haag,,,,
Whisky Introductie Masterclass,,masterclass,7.5,Vrijdag 13 Nov 2026,18:30 - 19:00 uur,vrijdag,avond,Spaarkamer,Vrij te boeken voor iedereen,21,0,Nee,none,Den Haag,den-haag,,,,
De Bronckhorst: The Rise of Grain,,masterclass,17.5,Vrijdag 13 Nov 2026,20:00 - 20:45 uur,vrijdag,avond,Spaarkamer,Vrij te boeken voor iedereen,21,0,Nee,none,Den Haag,den-haag,,,,
Nc'nean Organic Single Malt,,masterclass,25,Vrijdag 13 Nov 2026,20:00 - 20:45 uur,vrijdag,avond,Telkamer,Vrij te boeken voor iedereen,30,0,Nee,none,Den Haag,den-haag,,,,
Filliers Single Rye & Malt,,masterclass,17.5,Vrijdag 13 Nov 2026,21:30 - 22:15 uur,vrijdag,avond,Telkamer,Vrij te boeken voor iedereen,30,0,Nee,none,Den Haag,den-haag,,,,
Bowmore Torentasting (Inc. Beklimming),,masterclass,35,Zaterdag 14 Nov 2026,11:15 - 13:00 uur,zaterdag,ochtend,Toren-Zolder,Vrij te boeken voor iedereen,20,0,Nee,none,Den Haag,den-haag,,,,
Bowmore Torentasting (Zonder Beklimming),,masterclass,35,Zaterdag 14 Nov 2026,12:00 - 13:00 uur,zaterdag,ochtend,Toren-Zolder,Vrij te boeken voor iedereen,15,0,Nee,none,Den Haag,den-haag,,,,
The Ultimate: Historische Bottelingen,,masterclass,35,Zaterdag 14 Nov 2026,12:30 - 13:15 uur,zaterdag,ochtend,Foyer,Vrij te boeken voor iedereen,30,0,Nee,none,Den Haag,den-haag,,,,
Unieke Old Timers (Port Ellen & Glen Grant),,masterclass,85,Zaterdag 14 Nov 2026,12:30 - 13:15 uur,zaterdag,ochtend,Telkamer,Vrij te boeken voor iedereen,30,0,Nee,none,Den Haag,den-haag,,,,
Whisky Introductie Masterclass,,masterclass,7.5,Zaterdag 14 Nov 2026,12:30 - 13:00 uur,zaterdag,ochtend,Spaarkamer,Vrij te boeken voor iedereen,21,0,Nee,none,Den Haag,den-haag,,,,
Brugs Heilig Water Masterclass,,masterclass,25,Zaterdag 14 Nov 2026,14:00 - 14:45 uur,zaterdag,middag,Foyer,Vrij te boeken voor iedereen,30,0,Nee,none,Den Haag,den-haag,,,,
Teeling Whiskey Masterclass,,masterclass,20,Zaterdag 14 Nov 2026,14:00 - 14:45 uur,zaterdag,middag,Spaarkamer,Vrij te boeken voor iedereen,21,0,Nee,none,Den Haag,den-haag,,,,
Sakurao Japanese Whisky,,masterclass,20,Zaterdag 14 Nov 2026,15:30 - 16:15 uur,zaterdag,middag,Foyer,Vrij te boeken voor iedereen,30,0,Nee,none,Den Haag,den-haag,,,,
Teeling Whiskey Masterclass,,masterclass,20,Zaterdag 14 Nov 2026,18:30 - 19:15 uur,zaterdag,avond,Foyer,Vrij te boeken voor iedereen,30,0,Nee,none,Den Haag,den-haag,,,,
Unieke Old Timers (Macallan & Balvenie),,masterclass,65,Zaterdag 14 Nov 2026,18:30 - 19:15 uur,zaterdag,avond,Telkamer,Vrij te boeken voor iedereen,30,0,Nee,none,Den Haag,den-haag,,,,
Whisky Introductie Masterclass,,masterclass,7.5,Zaterdag 14 Nov 2026,18:30 - 19:00 uur,zaterdag,avond,Spaarkamer,Vrij te boeken voor iedereen,21,0,Nee,none,Den Haag,den-haag,,,,
Amrut Indian Single Malt Masterclass,,masterclass,17.5,Zaterdag 14 Nov 2026,20:00 - 20:45 uur,zaterdag,avond,Spaarkamer,Vrij te boeken voor iedereen,21,0,Nee,none,Den Haag,den-haag,,,,
Glenfarclas Family Casks Masterclass,,masterclass,25,Zaterdag 14 Nov 2026,20:00 - 20:45 uur,zaterdag,avond,Telkamer,Vrij te boeken voor iedereen,30,0,Nee,none,Den Haag,den-haag,,,,
Arran Cask Samples Masterclass,,masterclass,25,Zaterdag 14 Nov 2026,21:30 - 22:15 uur,zaterdag,avond,Foyer,Vrij te boeken voor iedereen,30,0,Nee,none,Den Haag,den-haag,,,,
The Glenturret Torentasting (Inc. Beklimming),,masterclass,37.5,Zondag 15 Nov 2026,11:15 - 13:00 uur,zondag,ochtend,Toren Zolder,Vrij te boeken voor iedereen,20,0,Nee,none,Den Haag,den-haag,,,,
The Glenturret Torentasting (Zonder Beklimming),,masterclass,37.5,Zondag 15 Nov 2026,12:00 - 13:00 uur,zondag,ochtend,Toren Zolder,Vrij te boeken voor iedereen,15,0,Nee,none,Den Haag,den-haag,,,,
Lagg Peated Single Malt Masterclass,,masterclass,25,Zondag 15 Nov 2026,12:15 - 13:00 uur,zondag,ochtend,Telkamer,Vrij te boeken voor iedereen,30,0,Nee,none,Den Haag,den-haag,,,,
SMWS Single Cask Masterclass,,masterclass,25,Zondag 15 Nov 2026,12:15 - 13:00 uur,zondag,ochtend,Foyer,Vrij te boeken voor iedereen,30,0,Nee,none,Den Haag,den-haag,,,,
Whisky Introductie Masterclass,,masterclass,7.5,Zondag 15 Nov 2026,12:30 - 13:00 uur,zondag,ochtend,Spaarkamer,Vrij te boeken voor iedereen,21,0,Nee,none,Den Haag,den-haag,,,,
Angus Dundee Single Malt Masterclass,,masterclass,17.5,Zondag 15 Nov 2026,14:00 - 14:45 uur,zondag,middag,Foyer,Vrij te boeken voor iedereen,30,0,Nee,none,Den Haag,den-haag,,,,
Haagsche Whiskytram (Rit 1),Glengoyne,tram,39.5,Vrijdag 13 Nov 2026,17:15 - 18:15 uur,vrijdag,middag,Opstelplaats Tram buiten,Vrij te boeken voor iedereen,26,26,Ja,sold-out,Den Haag,den-haag,,,,
Haagsche Whiskytram (Rit 2),Glengoyne,tram,39.5,Vrijdag 13 Nov 2026,18:45 - 19:45 uur,vrijdag,avond,Opstelplaats Tram buiten,Vrij te boeken voor iedereen,26,0,Nee,none,Den Haag,den-haag,,,,
Haagsche Whiskytram (Rit 3),Glengoyne,tram,39.5,Vrijdag 13 Nov 2026,20:15 - 21:15 uur,vrijdag,avond,Opstelplaats Tram buiten,Vrij te boeken voor iedereen,26,0,Nee,none,Den Haag,den-haag,,,,
Haagsche Whiskytram (Rit 4),Glengoyne,tram,39.5,Zaterdag 14 Nov 2026,12:00 - 13:00 uur,zaterdag,ochtend,Opstelplaats Tram buiten,Vrij te boeken voor iedereen,26,0,Nee,none,Den Haag,den-haag,,,,
Haagsche Whiskytram (Rit 5),Glengoyne,tram,39.5,Zaterdag 14 Nov 2026,13:30 - 14:30 uur,zaterdag,middag,Opstelplaats Tram buiten,Vrij te boeken voor iedereen,26,0,Nee,none,Den Haag,den-haag,,,,
Haagsche Whiskytram (Rit 6),Kavalan,tram,39.5,Zaterdag 14 Nov 2026,18:45 - 19:45 uur,zaterdag,avond,Opstelplaats Tram buiten,Vrij te boeken voor iedereen,26,26,Ja,sold-out,Den Haag,den-haag,,,,
Haagsche Whiskytram (Rit 7),Kavalan,tram,39.5,Zaterdag 14 Nov 2026,20:15 - 21:15 uur,zaterdag,avond,Opstelplaats Tram buiten,Vrij te boeken voor iedereen,26,0,Nee,none,Den Haag,den-haag,,,,
Haagsche Whiskytram (Rit 8),Kavalan,tram,39.5,Zondag 15 Nov 2026,11:00 - 12:00 uur,zondag,ochtend,Opstelplaats Tram buiten,Vrij te boeken voor iedereen,26,0,Nee,none,Den Haag,den-haag,,,,
Haagsche Whiskytram (Rit 9),Kavalan,tram,39.5,Zondag 15 Nov 2026,12:30 - 13:30 uur,zondag,ochtend,Opstelplaats Tram buiten,Vrij te boeken voor iedereen,26,0,Nee,none,Den Haag,den-haag,,,,
Haagsche Whiskytram (Rit 10),Kavalan,tram,39.5,Zondag 15 Nov 2026,14:00 - 15:00 uur,zondag,middag,Opstelplaats Tram buiten,Vrij te boeken voor iedereen,26,0,Nee,none,Den Haag,den-haag,,,,
Whisky Trail (Gids Klaas),,trail,5,Vrijdag 13 Nov 2026,20:00 - 20:30 uur,vrijdag,avond,Informatie-stand,enkel i.c.m. entreeticket,6,0,Nee,none,Den Haag,den-haag,,,,
Whisky Trail (Gids Stanley),,trail,5,Vrijdag 13 Nov 2026,20:00 - 20:30 uur,vrijdag,avond,Informatie-stand,enkel i.c.m. entreeticket,6,0,Nee,none,Den Haag,den-haag,,,,
Whisky Trail (Gids Ernst),,trail,5,Vrijdag 13 Nov 2026,20:30 - 21:00 uur,vrijdag,avond,Informatie-stand,enkel i.c.m. entreeticket,6,0,Nee,none,Den Haag,den-haag,,,,
Whisky Trail (Gids Marly),,trail,5,Vrijdag 13 Nov 2026,20:30 - 21:00 uur,vrijdag,avond,Informatie-stand,enkel i.c.m. entreeticket,6,0,Nee,none,Den Haag,den-haag,,,,
Whisky Trail (Gids Sebastiaan),,trail,5,Vrijdag 13 Nov 2026,20:30 - 21:00 uur,vrijdag,avond,Informatie-stand,enkel i.c.m. entreeticket,6,0,Nee,none,Den Haag,den-haag,,,,
Whisky Trail (Gids Klaas),,trail,5,Vrijdag 13 Nov 2026,21:00 - 21:30 uur,vrijdag,avond,Informatie-stand,enkel i.c.m. entreeticket,6,0,Nee,none,Den Haag,den-haag,,,,
Whisky Trail (Gids Stanley),,trail,5,Vrijdag 13 Nov 2026,21:00 - 21:30 uur,vrijdag,avond,Informatie-stand,enkel i.c.m. entreeticket,6,0,Nee,none,Den Haag,den-haag,,,,
Whisky Trail (Gids Ernst),,trail,5,Vrijdag 13 Nov 2026,21:30 - 22:00 uur,vrijdag,avond,Informatie-stand,enkel i.c.m. entreeticket,6,0,Nee,none,Den Haag,den-haag,,,,
Whisky Trail (Gids Marly),,trail,5,Vrijdag 13 Nov 2026,21:30 - 22:00 uur,vrijdag,avond,Informatie-stand,enkel i.c.m. entreeticket,6,0,Nee,none,Den Haag,den-haag,,,,
Whisky Trail (Gids Sebastiaan),,trail,5,Vrijdag 13 Nov 2026,21:30 - 22:00 uur,vrijdag,avond,Informatie-stand,enkel i.c.m. entreeticket,6,0,Nee,none,Den Haag,den-haag,,,,
Whisky Trail (Gids Ernst),,trail,5,Zaterdag 14 Nov 2026,14:00 - 14:30 uur,zaterdag,middag,Informatie-stand,enkel i.c.m. entreeticket,6,0,Nee,none,Den Haag,den-haag,,,,
Whisky Trail (Gids Marly),,trail,5,Zaterdag 14 Nov 2026,14:00 - 14:30 uur,zaterdag,middag,Informatie-stand,enkel i.c.m. entreeticket,6,0,Nee,none,Den Haag,den-haag,,,,
Whisky Trail (Gids Sebastiaan),,trail,5,Zaterdag 14 Nov 2026,14:00 - 14:30 uur,zaterdag,middag,Informatie-stand,enkel i.c.m. entreeticket,6,0,Nee,none,Den Haag,den-haag,,,,
Whisky Trail (Gids Klaas),,trail,5,Zaterdag 14 Nov 2026,14:30 - 15:00 uur,zaterdag,middag,Informatie-stand,enkel i.c.m. entreeticket,6,0,Nee,none,Den Haag,den-haag,,,,
Whisky Trail (Gids Stanley),,trail,5,Zaterdag 14 Nov 2026,14:30 - 15:00 uur,zaterdag,middag,Informatie-stand,enkel i.c.m. entreeticket,6,0,Nee,none,Den Haag,den-haag,,,,
Whisky Trail (Gids Ernst),,trail,5,Zaterdag 14 Nov 2026,15:00 - 15:30 uur,zaterdag,middag,Informatie-stand,enkel i.c.m. entreeticket,6,0,Nee,none,Den Haag,den-haag,,,,
Whisky Trail (Gids Marly),,trail,5,Zaterdag 14 Nov 2026,15:00 - 15:30 uur,zaterdag,middag,Informatie-stand,enkel i.c.m. entreeticket,6,0,Nee,none,Den Haag,den-haag,,,,
Whisky Trail (Gids Sebastiaan),,trail,5,Zaterdag 14 Nov 2026,15:00 - 15:30 uur,zaterdag,middag,Informatie-stand,enkel i.c.m. entreeticket,6,0,Nee,none,Den Haag,den-haag,,,,
Whisky Trail (Gids Klaas),,trail,5,Zaterdag 14 Nov 2026,15:30 - 16:00 uur,zaterdag,middag,Informatie-stand,enkel i.c.m. entreeticket,6,0,Nee,none,Den Haag,den-haag,,,,
Whisky Trail (Gids Stanley),,trail,5,Zaterdag 14 Nov 2026,15:30 - 16:00 uur,zaterdag,middag,Informatie-stand,enkel i.c.m. entreeticket,6,0,Nee,none,Den Haag,den-haag,,,,
Whisky Trail (Gids Klaas),,trail,5,Zaterdag 14 Nov 2026,20:00 - 20:30 uur,zaterdag,avond,Informatie-stand,enkel i.c.m. entreeticket,6,0,Nee,none,Den Haag,den-haag,,,,
Whisky Trail (Gids Stanley),,trail,5,Zaterdag 14 Nov 2026,20:00 - 20:30 uur,zaterdag,avond,Informatie-stand,enkel i.c.m. entreeticket,6,0,Nee,none,Den Haag,den-haag,,,,
Whisky Trail (Gids Ernst),,trail,5,Zaterdag 14 Nov 2026,20:30 - 21:00 uur,zaterdag,avond,Informatie-stand,enkel i.c.m. entreeticket,6,0,Nee,none,Den Haag,den-haag,,,,
Whisky Trail (Gids Marly),,trail,5,Zaterdag 14 Nov 2026,20:30 - 21:00 uur,zaterdag,avond,Informatie-stand,enkel i.c.m. entreeticket,6,0,Nee,none,Den Haag,den-haag,,,,
Whisky Trail (Gids Sebastiaan),,trail,5,Zaterdag 14 Nov 2026,20:30 - 21:00 uur,zaterdag,avond,Informatie-stand,enkel i.c.m. entreeticket,6,0,Nee,none,Den Haag,den-haag,,,,
Whisky Trail (Gids Klaas),,trail,5,Zaterdag 14 Nov 2026,21:00 - 21:30 uur,zaterdag,avond,Informatie-stand,enkel i.c.m. entreeticket,6,0,Nee,none,Den Haag,den-haag,,,,
Whisky Trail (Gids Stanley),,trail,5,Zaterdag 14 Nov 2026,21:00 - 21:30 uur,zaterdag,avond,Informatie-stand,enkel i.c.m. entreeticket,6,0,Nee,none,Den Haag,den-haag,,,,
Whisky Trail (Gids Ernst),,trail,5,Zaterdag 14 Nov 2026,21:30 - 22:00 uur,zaterdag,avond,Informatie-stand,enkel i.c.m. entreeticket,6,0,Nee,none,Den Haag,den-haag,,,,
Whisky Trail (Gids Marly),,trail,5,Zaterdag 14 Nov 2026,21:30 - 22:00 uur,zaterdag,avond,Informatie-stand,enkel i.c.m. entreeticket,6,0,Nee,none,Den Haag,den-haag,,,,
Whisky Trail (Gids Sebastiaan),,trail,5,Zaterdag 14 Nov 2026,21:30 - 22:00 uur,zaterdag,avond,Informatie-stand,enkel i.c.m. entreeticket,6,0,Nee,none,Den Haag,den-haag,,,,
Whisky Trail (Gids Ernst),,trail,5,Zondag 15 Nov 2026,14:00 - 14:30 uur,zondag,middag,Informatie-stand,enkel i.c.m. entreeticket,6,0,Nee,none,Den Haag,den-haag,,,,
Whisky Trail (Gids Marly),,trail,5,Zondag 15 Nov 2026,14:00 - 14:30 uur,zondag,middag,Informatie-stand,enkel i.c.m. entreeticket,6,0,Nee,none,Den Haag,den-haag,,,,
Whisky Trail (Gids Sebastiaan),,trail,5,Zondag 15 Nov 2026,14:00 - 14:30 uur,zondag,middag,Informatie-stand,enkel i.c.m. entreeticket,6,0,Nee,none,Den Haag,den-haag,,,,
Whisky Trail (Gids Klaas),,trail,5,Zondag 15 Nov 2026,14:30 - 15:00 uur,zondag,middag,Informatie-stand,enkel i.c.m. entreeticket,6,0,Nee,none,Den Haag,den-haag,,,,
Whisky Trail (Gids Stanley),,trail,5,Zondag 15 Nov 2026,14:30 - 15:00 uur,zondag,middag,Informatie-stand,enkel i.c.m. entreeticket,6,0,Nee,none,Den Haag,den-haag,,,,
Whisky Trail (Gids Ernst),,trail,5,Zondag 15 Nov 2026,15:00 - 15:30 uur,zondag,middag,Informatie-stand,enkel i.c.m. entreeticket,6,0,Nee,none,Den Haag,den-haag,,,,
Whisky Trail (Gids Marly),,trail,5,Zondag 15 Nov 2026,15:00 - 15:30 uur,zondag,middag,Informatie-stand,enkel i.c.m. entreeticket,6,0,Nee,none,Den Haag,den-haag,,,,
Whisky Trail (Gids Sebastiaan),,trail,5,Zondag 15 Nov 2026,15:00 - 15:30 uur,zondag,middag,Informatie-stand,enkel i.c.m. entreeticket,6,0,Nee,none,Den Haag,den-haag,,,,
Whisky Trail (Gids Klaas),Jura 18Y,trail,5,Zondag 15 Nov 2026,15:30 - 16:00 uur,zondag,middag,Informatie-stand,enkel i.c.m. entreeticket,6,0,Nee,none,Den Haag,den-haag,,,,
Whisky Trail (Gids Stanley),,trail,5,Zondag 15 Nov 2026,15:30 - 16:00 uur,zondag,middag,Informatie-stand,enkel i.c.m. entreeticket,6,0,Nee,none,Den Haag,den-haag,,,,
Warehouse Tasting: Cley Distillery,,warehouse,20,Vrijdag 13 Nov 2026,14:00 - 14:30 uur,vrijdag,middag,Kerk- stand Cley,enkel i.c.m. entreeticket,6,6,Ja,sold-out,Den Haag,den-haag,,,,
Warehouse Tasting: Cley Distillery,,warehouse,20,Vrijdag 13 Nov 2026,15:00 - 15:30 uur,vrijdag,middag,Kerk- stand Cley,enkel i.c.m. entreeticket,6,6,Ja,sold-out,Den Haag,den-haag,,,,
Warehouse Tasting: Cley Distillery,,warehouse,20,Vrijdag 13 Nov 2026,16:00 - 16:30 uur,vrijdag,middag,Kerk- stand Cley,enkel i.c.m. entreeticket,6,6,Ja,sold-out,Den Haag,den-haag,,,,
Warehouse Tasting: Cley Distillery,,warehouse,20,Vrijdag 13 Nov 2026,20:00 - 20:30 uur,vrijdag,avond,Kerk- stand Cley,enkel i.c.m. entreeticket,6,0,Nee,none,Den Haag,den-haag,,,,
Warehouse Tasting: Cley Distillery,,warehouse,20,Vrijdag 13 Nov 2026,21:00 - 21:30 uur,vrijdag,avond,Kerk- stand Cley,enkel i.c.m. entreeticket,6,0,Nee,none,Den Haag,den-haag,,,,
Warehouse Tasting: Cley Distillery,,warehouse,20,Vrijdag 13 Nov 2026,22:00 - 22:30 uur,vrijdag,avond,Kerk- stand Cley,enkel i.c.m. entreeticket,6,0,Nee,none,Den Haag,den-haag,,,,
Warehouse Tasting: Cley Distillery,,warehouse,20,Zaterdag 14 Nov 2026,14:00 - 14:30 uur,zaterdag,middag,Kerk- stand Cley,enkel i.c.m. entreeticket,6,0,Nee,none,Den Haag,den-haag,,,,
Warehouse Tasting: Cley Distillery,,warehouse,20,Zaterdag 14 Nov 2026,15:00 - 15:30 uur,zaterdag,middag,Kerk- stand Cley,enkel i.c.m. entreeticket,6,0,Nee,none,Den Haag,den-haag,,,,
Warehouse Tasting: Cley Distillery,,warehouse,20,Zaterdag 14 Nov 2026,16:00 - 16:30 uur,zaterdag,middag,Kerk- stand Cley,enkel i.c.m. entreeticket,6,0,Nee,none,Den Haag,den-haag,,,,
Warehouse Tasting: Cley Distillery,,warehouse,20,Zaterdag 14 Nov 2026,20:00 - 20:30 uur,zaterdag,avond,Kerk- stand Cley,enkel i.c.m. entreeticket,6,0,Nee,none,Den Haag,den-haag,,,,
Warehouse Tasting: Cley Distillery,,warehouse,20,Zaterdag 14 Nov 2026,21:00 - 21:30 uur,zaterdag,avond,Kerk- stand Cley,enkel i.c.m. entreeticket,6,0,Nee,none,Den Haag,den-haag,,,,
Warehouse Tasting: Cley Distillery,,warehouse,20,Zaterdag 14 Nov 2026,22:00 - 22:30 uur,zaterdag,avond,Kerk- stand Cley,enkel i.c.m. entreeticket,6,0,Nee,none,Den Haag,den-haag,,,,
Warehouse Tasting: Cley Distillery,,warehouse,20,Zondag 15 Nov 2026,14:00 - 14:30 uur,zondag,middag,Kerk- stand Cley,enkel i.c.m. entreeticket,6,0,Nee,none,Den Haag,den-haag,,,,
Warehouse Tasting: Cley Distillery,,warehouse,20,Zondag 15 Nov 2026,15:00 - 15:30 uur,zondag,middag,Kerk- stand Cley,enkel i.c.m. entreeticket,6,0,Nee,none,Den Haag,den-haag,,,,
Warehouse Tasting: Cley Distillery,,warehouse,20,Zondag 15 Nov 2026,16:00 - 16:30 uur,zondag,middag,Kerk- stand Cley,enkel i.c.m. entreeticket,6,0,Nee,none,Den Haag,den-haag,,,,
Workshop Vatenmaken & Kuiperij,,vatenmaken,5,Vrijdag 13 Nov 2026,14:30 - 15:00 uur,vrijdag,middag,Buitenterrein,enkel i.c.m. entreeticket,0,0,Nee,none,Den Haag,den-haag,,,,
Workshop Vatenmaken & Kuiperij,,vatenmaken,5,Vrijdag 13 Nov 2026,15:30 - 16:00 uur,vrijdag,middag,Buitenterrein,enkel i.c.m. entreeticket,0,0,Nee,none,Den Haag,den-haag,,,,
Workshop Vatenmaken & Kuiperij,,vatenmaken,5,Vrijdag 13 Nov 2026,20:30 - 21:00 uur,vrijdag,avond,Buitenterrein,enkel i.c.m. entreeticket,0,0,Nee,none,Den Haag,den-haag,,,,
Workshop Vatenmaken & Kuiperij,,vatenmaken,5,Vrijdag 13 Nov 2026,21:30 - 22:00 uur,vrijdag,avond,Buitenterrein,enkel i.c.m. entreeticket,0,0,Nee,none,Den Haag,den-haag,,,,
Workshop Vatenmaken & Kuiperij,,vatenmaken,5,Zaterdag 14 Nov 2026,14:30 - 15:00 uur,zaterdag,middag,Buitenterrein,enkel i.c.m. entreeticket,0,0,Nee,none,Den Haag,den-haag,,,,
Workshop Vatenmaken & Kuiperij,,vatenmaken,5,Zaterdag 14 Nov 2026,15:30 - 16:00 uur,zaterdag,middag,Buitenterrein,enkel i.c.m. entreeticket,0,0,Nee,none,Den Haag,den-haag,,,,
Workshop Vatenmaken & Kuiperij,,vatenmaken,5,Zaterdag 14 Nov 2026,20:30 - 21:00 uur,zaterdag,avond,Buitenterrein,enkel i.c.m. entreeticket,0,0,Nee,none,Den Haag,den-haag,,,,
Workshop Vatenmaken & Kuiperij,,vatenmaken,5,Zaterdag 14 Nov 2026,21:30 - 22:00 uur,zaterdag,avond,Buitenterrein,enkel i.c.m. entreeticket,0,0,Nee,none,Den Haag,den-haag,,,,
Workshop Vatenmaken & Kuiperij,,vatenmaken,5,Zondag 15 Nov 2026,14:30 - 15:00 uur,zondag,middag,Buitenterrein,enkel i.c.m. entreeticket,0,0,Nee,none,Den Haag,den-haag,,,,
Workshop Vatenmaken & Kuiperij,,vatenmaken,5,Zondag 15 Nov 2026,15:30 - 16:00 uur,zondag,middag,Buitenterrein,enkel i.c.m. entreeticket,0,0,Nee,none,Den Haag,den-haag,,,,
Festival Botteling: Amrut Single Cask #9318 (Vat A),,botteling,85,,,all,all,,Vrij te boeken voor iedereen,100,0,Nee,popular,Den Haag,den-haag,,,,
Festival Botteling: Amrut Single Cask #3464 (Vat B),,botteling,85,,,all,all,,Vrij te boeken voor iedereen,100,0,Nee,popular,Den Haag,den-haag,,,,
Festival Botteling: Kilchoman 18YO Single Cask,,botteling,385,,,all,all,,Vrij te boeken voor iedereen,100,0,Nee,popular,Den Haag,den-haag,,,,
Festival Botteling: Kilchoman 7YO STR Cask Finish,,botteling,90,,,all,all,,Vrij te boeken voor iedereen,50,0,Nee,popular,Den Haag,den-haag,,,,