ID;Categorie;Titel;Datum;Tijd;Prijs (€);Locatie;Dagdeel;Status;Uitverkocht;Beschrijving / Opties
"dh-entree-4-entree-vrijdagmiddag-vip";"entree";"VIP Sessie - Vrijdagmiddag";"Vrijdag 13 Nov 2026";"13:00 - 17:00 uur";"79.50";"Grote Kerk";"middag";"sold-out";"Ja";""
"dh-entree-5-entree-vrijdagavond";"entree";"Entree Vrijdagavond";"Vrijdag 13 Nov 2026";"19:00 - 23:00 uur";"55.00";"Grote Kerk";"avond";"";"Nee";""
"dh-entree-6-entree-zaterdagmiddag";"entree";"Entree Zaterdagmiddag";"Zaterdag 14 Nov 2026";"13:00 - 17:00 uur";"55.00";"Grote Kerk";"middag";"sold-out";"Ja";""
"dh-entree-7-entree-zaterdagavond";"entree";"Entree Zaterdagavond";"Zaterdag 14 Nov 2026";"19:00 - 23:00 uur";"55.00";"Grote Kerk";"avond";"sold-out";"Ja";""
"dh-entree-8-entree-zondagmiddag";"entree";"Entree Zondagmiddag";"Zondag 15 Nov 2026";"13:00 - 17:00 uur";"55.00";"Grote Kerk";"middag";"";"Nee";""
"dh-masterclass-29-macallan-torentasting-inc-bekl";"masterclass";"Macallan Torentasting (Inc. Beklimming)";"Vrijdag 13 Nov 2026";"11:15 - 13:00 uur";"77.50";"Toren-Zolder";"ochtend";"";"Nee";""
"dh-masterclass-30-macallan-torentasting-zonder-b";"masterclass";"Macallan Torentasting (Zonder Beklimming)";"Vrijdag 13 Nov 2026";"12:00 - 13:00 uur";"70.00";"Toren-Zolder";"ochtend";"";"Nee";""
"dh-masterclass-33-smws-single-cask-masterclass";"masterclass";"SMWS Single Cask Masterclass";"Vrijdag 13 Nov 2026";"12:15 - 13:00 uur";"25.00";"Foyer";"ochtend";"";"Nee";""
"dh-masterclass-31-teeling-whiskey-masterclass";"masterclass";"Teeling Whiskey Masterclass";"Vrijdag 13 Nov 2026";"12:15 - 13:00 uur";"20.00";"Spaarkamer";"ochtend";"";"Nee";""
"dh-masterclass-32-whisky-bites-dennis-mulder";"masterclass";"Whisky & Bites (Dennis Mulder)";"Vrijdag 13 Nov 2026";"12:15 - 13:00 uur";"27.50";"Telkamer";"ochtend";"";"Nee";""
"dh-masterclass-34-glenfiddich-old-timers-tony-va";"masterclass";"Glenfiddich Old Timers (Tony van Rooijen)";"Vrijdag 13 Nov 2026";"14:00 - 14:45 uur";"55.00";"Telkamer";"middag";"";"Nee";""
"dh-masterclass-35-glengoyne-tamdhu-masterclass";"masterclass";"Glengoyne & Tamdhu Masterclass";"Vrijdag 13 Nov 2026";"14:00 - 14:45 uur";"17.50";"Foyer";"middag";"";"Nee";""
"dh-masterclass-37-house-of-suntory-japanese-port";"masterclass";"House of Suntory: Japanese Portfolio";"Vrijdag 13 Nov 2026";"15:30 - 16:15 uur";"20.00";"Foyer";"middag";"";"Nee";""
"dh-masterclass-36-stokerij-sculte-masterclass";"masterclass";"Stokerij Sculte Masterclass";"Vrijdag 13 Nov 2026";"15:30 - 16:15 uur";"49.50";"Telkamer";"middag";"";"Nee";""
"dh-masterclass-39-the-balvenie-old-timers-tony-v";"masterclass";"The Balvenie Old Timers (Tony van Rooijen)";"Vrijdag 13 Nov 2026";"18:30 - 19:15 uur";"65.00";"Foyer";"avond";"";"Nee";""
"dh-masterclass-38-whisky-introductie-masterclass";"masterclass";"Whisky Introductie Masterclass";"Vrijdag 13 Nov 2026";"18:30 - 19:00 uur";"7.50";"Spaarkamer";"avond";"";"Nee";""
"dh-masterclass-40-de-bronckhorst-the-rise-of-gra";"masterclass";"De Bronckhorst: The Rise of Grain";"Vrijdag 13 Nov 2026";"20:00 - 20:45 uur";"17.50";"Spaarkamer";"avond";"";"Nee";""
"dh-masterclass-41-ncnean-organic-single-malt";"masterclass";"Nc'nean Organic Single Malt";"Vrijdag 13 Nov 2026";"20:00 - 20:45 uur";"25.00";"Telkamer";"avond";"";"Nee";""
"dh-masterclass-42-filliers-single-rye-malt";"masterclass";"Filliers Single Rye & Malt";"Vrijdag 13 Nov 2026";"21:30 - 22:15 uur";"17.50";"Telkamer";"avond";"";"Nee";""
"dh-masterclass-44-bowmore-torentasting-inc-bekli";"masterclass";"Bowmore Torentasting (Inc. Beklimming)";"Zaterdag 14 Nov 2026";"11:15 - 13:00 uur";"35.00";"Toren-Zolder";"ochtend";"";"Nee";""
"dh-masterclass-45-bowmore-torentasting-zonder-be";"masterclass";"Bowmore Torentasting (Zonder Beklimming)";"Zaterdag 14 Nov 2026";"12:00 - 13:00 uur";"35.00";"Toren-Zolder";"ochtend";"";"Nee";""
"dh-masterclass-48-the-ultimate-historische-botte";"masterclass";"The Ultimate: Historische Bottelingen";"Zaterdag 14 Nov 2026";"12:30 - 13:15 uur";"35.00";"Foyer";"ochtend";"";"Nee";""
"dh-masterclass-47-unieke-old-timers-port-ellen-g";"masterclass";"Unieke Old Timers (Port Ellen & Glen Grant)";"Zaterdag 14 Nov 2026";"12:30 - 13:15 uur";"85.00";"Telkamer";"ochtend";"";"Nee";""
"dh-masterclass-46-whisky-introductie-masterclass";"masterclass";"Whisky Introductie Masterclass";"Zaterdag 14 Nov 2026";"12:30 - 13:00 uur";"7.50";"Spaarkamer";"ochtend";"";"Nee";""
"dh-masterclass-50-brugs-heilig-water-masterclass";"masterclass";"Brugs Heilig Water Masterclass";"Zaterdag 14 Nov 2026";"14:00 - 14:45 uur";"25.00";"Foyer";"middag";"";"Nee";""
"dh-masterclass-49-teeling-whiskey-masterclass";"masterclass";"Teeling Whiskey Masterclass";"Zaterdag 14 Nov 2026";"14:00 - 14:45 uur";"20.00";"Spaarkamer";"middag";"";"Nee";""
"dh-masterclass-52-sakurao-japanese-whisky";"masterclass";"Sakurao Japanese Whisky";"Zaterdag 14 Nov 2026";"15:30 - 16:15 uur";"20.00";"Foyer";"middag";"";"Nee";""
"dh-masterclass-55-teeling-whiskey-masterclass";"masterclass";"Teeling Whiskey Masterclass";"Zaterdag 14 Nov 2026";"18:30 - 19:15 uur";"20.00";"Foyer";"avond";"";"Nee";""
"dh-masterclass-54-unieke-old-timers-macallan-bal";"masterclass";"Unieke Old Timers (Macallan & Balvenie)";"Zaterdag 14 Nov 2026";"18:30 - 19:15 uur";"65.00";"Telkamer";"avond";"";"Nee";""
"dh-masterclass-53-whisky-introductie-masterclass";"masterclass";"Whisky Introductie Masterclass";"Zaterdag 14 Nov 2026";"18:30 - 19:00 uur";"7.50";"Spaarkamer";"avond";"";"Nee";""
"dh-masterclass-57-amrut-indian-single-malt-maste";"masterclass";"Amrut Indian Single Malt Masterclass";"Zaterdag 14 Nov 2026";"20:00 - 20:45 uur";"17.50";"Spaarkamer";"avond";"";"Nee";""
"dh-masterclass-56-glenfarclas-family-casks-maste";"masterclass";"Glenfarclas Family Casks Masterclass";"Zaterdag 14 Nov 2026";"20:00 - 20:45 uur";"25.00";"Telkamer";"avond";"";"Nee";""
"dh-masterclass-58-arran-cask-samples-masterclass";"masterclass";"Arran Cask Samples Masterclass";"Zaterdag 14 Nov 2026";"21:30 - 22:15 uur";"25.00";"Foyer";"avond";"";"Nee";""
"dh-masterclass-59-the-glenturret-torentasting-in";"masterclass";"The Glenturret Torentasting (Inc. Beklimming)";"Zondag 15 Nov 2026";"11:15 - 13:00 uur";"37.50";"Toren Zolder";"ochtend";"";"Nee";""
"dh-masterclass-60-the-glenturret-torentasting-zo";"masterclass";"The Glenturret Torentasting (Zonder Beklimming)";"Zondag 15 Nov 2026";"12:00 - 13:00 uur";"37.50";"Toren Zolder";"ochtend";"";"Nee";""
"dh-masterclass-62-lagg-peated-single-malt-master";"masterclass";"Lagg Peated Single Malt Masterclass";"Zondag 15 Nov 2026";"12:15 - 13:00 uur";"25.00";"Telkamer";"ochtend";"";"Nee";""
"dh-masterclass-63-smws-single-cask-masterclass";"masterclass";"SMWS Single Cask Masterclass";"Zondag 15 Nov 2026";"12:15 - 13:00 uur";"25.00";"Foyer";"ochtend";"";"Nee";""
"dh-masterclass-61-whisky-introductie-masterclass";"masterclass";"Whisky Introductie Masterclass";"Zondag 15 Nov 2026";"12:30 - 13:00 uur";"7.50";"Spaarkamer";"ochtend";"";"Nee";""
"dh-masterclass-64-angus-dundee-single-malt-maste";"masterclass";"Angus Dundee Single Malt Masterclass";"Zondag 15 Nov 2026";"14:00 - 14:45 uur";"17.50";"Foyer";"middag";"";"Nee";""
"dh-tram-105-haagsche-whiskytram-rit-1";"tram";"Haagsche Whiskytram (Rit 1)";"Vrijdag 13 Nov 2026";"17:15 - 18:15 uur";"39.50";"Opstelplaats Tram buiten";"middag";"sold-out";"Ja";""
"dh-tram-106-haagsche-whiskytram-rit-2";"tram";"Haagsche Whiskytram (Rit 2)";"Vrijdag 13 Nov 2026";"18:45 - 19:45 uur";"39.50";"Opstelplaats Tram buiten";"avond";"";"Nee";""
"dh-tram-107-haagsche-whiskytram-rit-3";"tram";"Haagsche Whiskytram (Rit 3)";"Vrijdag 13 Nov 2026";"20:15 - 21:15 uur";"39.50";"Opstelplaats Tram buiten";"avond";"";"Nee";""
"dh-tram-108-haagsche-whiskytram-rit-4";"tram";"Haagsche Whiskytram (Rit 4)";"Zaterdag 14 Nov 2026";"12:00 - 13:00 uur";"39.50";"Opstelplaats Tram buiten";"ochtend";"";"Nee";""
"dh-tram-109-haagsche-whiskytram-rit-5";"tram";"Haagsche Whiskytram (Rit 5)";"Zaterdag 14 Nov 2026";"13:30 - 14:30 uur";"39.50";"Opstelplaats Tram buiten";"middag";"";"Nee";""
"dh-tram-110-haagsche-whiskytram-rit-6";"tram";"Haagsche Whiskytram (Rit 6)";"Zaterdag 14 Nov 2026";"18:45 - 19:45 uur";"39.50";"Opstelplaats Tram buiten";"avond";"sold-out";"Ja";""
"dh-tram-111-haagsche-whiskytram-rit-7";"tram";"Haagsche Whiskytram (Rit 7)";"Zaterdag 14 Nov 2026";"20:15 - 21:15 uur";"39.50";"Opstelplaats Tram buiten";"avond";"";"Nee";""
"dh-tram-112-haagsche-whiskytram-rit-8";"tram";"Haagsche Whiskytram (Rit 8)";"Zondag 15 Nov 2026";"11:00 - 12:00 uur";"39.50";"Opstelplaats Tram buiten";"ochtend";"";"Nee";""
"dh-tram-113-haagsche-whiskytram-rit-9";"tram";"Haagsche Whiskytram (Rit 9)";"Zondag 15 Nov 2026";"12:30 - 13:30 uur";"39.50";"Opstelplaats Tram buiten";"ochtend";"";"Nee";""
"dh-tram-114-haagsche-whiskytram-rit-10";"tram";"Haagsche Whiskytram (Rit 10)";"Zondag 15 Nov 2026";"14:00 - 15:00 uur";"39.50";"Opstelplaats Tram buiten";"middag";"";"Nee";""
"dh-trail-65-whisky-trail-gids-klaas";"trail";"Whisky Trail (Gids Klaas)";"Vrijdag 13 Nov 2026";"20:00 - 20:30 uur";"5.00";"Informatie-stand";"avond";"";"Nee";""
"dh-trail-66-whisky-trail-gids-stanley";"trail";"Whisky Trail (Gids Stanley)";"Vrijdag 13 Nov 2026";"20:00 - 20:30 uur";"5.00";"Informatie-stand";"avond";"";"Nee";""
"dh-trail-67-whisky-trail-gids-ernst";"trail";"Whisky Trail (Gids Ernst)";"Vrijdag 13 Nov 2026";"20:30 - 21:00 uur";"5.00";"Informatie-stand";"avond";"";"Nee";""
"dh-trail-68-whisky-trail-gids-marly";"trail";"Whisky Trail (Gids Marly)";"Vrijdag 13 Nov 2026";"20:30 - 21:00 uur";"5.00";"Informatie-stand";"avond";"";"Nee";""
"dh-trail-69-whisky-trail-gids-sebastiaan";"trail";"Whisky Trail (Gids Sebastiaan)";"Vrijdag 13 Nov 2026";"20:30 - 21:00 uur";"5.00";"Informatie-stand";"avond";"";"Nee";""
"dh-trail-70-whisky-trail-gids-klaas";"trail";"Whisky Trail (Gids Klaas)";"Vrijdag 13 Nov 2026";"21:00 - 21:30 uur";"5.00";"Informatie-stand";"avond";"";"Nee";""
"dh-trail-71-whisky-trail-gids-stanley";"trail";"Whisky Trail (Gids Stanley)";"Vrijdag 13 Nov 2026";"21:00 - 21:30 uur";"5.00";"Informatie-stand";"avond";"";"Nee";""
"dh-trail-72-whisky-trail-gids-ernst";"trail";"Whisky Trail (Gids Ernst)";"Vrijdag 13 Nov 2026";"21:30 - 22:00 uur";"5.00";"Informatie-stand";"avond";"";"Nee";""
"dh-trail-73-whisky-trail-gids-marly";"trail";"Whisky Trail (Gids Marly)";"Vrijdag 13 Nov 2026";"21:30 - 22:00 uur";"5.00";"Informatie-stand";"avond";"";"Nee";""
"dh-trail-74-whisky-trail-gids-sebastiaan";"trail";"Whisky Trail (Gids Sebastiaan)";"Vrijdag 13 Nov 2026";"21:30 - 22:00 uur";"5.00";"Informatie-stand";"avond";"";"Nee";""
"dh-trail-75-whisky-trail-gids-ernst";"trail";"Whisky Trail (Gids Ernst)";"Zaterdag 14 Nov 2026";"14:00 - 14:30 uur";"5.00";"Informatie-stand";"middag";"";"Nee";""
"dh-trail-76-whisky-trail-gids-marly";"trail";"Whisky Trail (Gids Marly)";"Zaterdag 14 Nov 2026";"14:00 - 14:30 uur";"5.00";"Informatie-stand";"middag";"";"Nee";""
"dh-trail-77-whisky-trail-gids-sebastiaan";"trail";"Whisky Trail (Gids Sebastiaan)";"Zaterdag 14 Nov 2026";"14:00 - 14:30 uur";"5.00";"Informatie-stand";"middag";"";"Nee";""
"dh-trail-79-whisky-trail-gids-klaas";"trail";"Whisky Trail (Gids Klaas)";"Zaterdag 14 Nov 2026";"14:30 - 15:00 uur";"5.00";"Informatie-stand";"middag";"";"Nee";""
"dh-trail-78-whisky-trail-gids-stanley";"trail";"Whisky Trail (Gids Stanley)";"Zaterdag 14 Nov 2026";"14:30 - 15:00 uur";"5.00";"Informatie-stand";"middag";"";"Nee";""
"dh-trail-80-whisky-trail-gids-ernst";"trail";"Whisky Trail (Gids Ernst)";"Zaterdag 14 Nov 2026";"15:00 - 15:30 uur";"5.00";"Informatie-stand";"middag";"";"Nee";""
"dh-trail-81-whisky-trail-gids-marly";"trail";"Whisky Trail (Gids Marly)";"Zaterdag 14 Nov 2026";"15:00 - 15:30 uur";"5.00";"Informatie-stand";"middag";"";"Nee";""
"dh-trail-82-whisky-trail-gids-sebastiaan";"trail";"Whisky Trail (Gids Sebastiaan)";"Zaterdag 14 Nov 2026";"15:00 - 15:30 uur";"5.00";"Informatie-stand";"middag";"";"Nee";""
"dh-trail-84-whisky-trail-gids-klaas";"trail";"Whisky Trail (Gids Klaas)";"Zaterdag 14 Nov 2026";"15:30 - 16:00 uur";"5.00";"Informatie-stand";"middag";"";"Nee";""
"dh-trail-83-whisky-trail-gids-stanley";"trail";"Whisky Trail (Gids Stanley)";"Zaterdag 14 Nov 2026";"15:30 - 16:00 uur";"5.00";"Informatie-stand";"middag";"";"Nee";""
"dh-trail-85-whisky-trail-gids-klaas";"trail";"Whisky Trail (Gids Klaas)";"Zaterdag 14 Nov 2026";"20:00 - 20:30 uur";"5.00";"Informatie-stand";"avond";"";"Nee";""
"dh-trail-86-whisky-trail-gids-stanley";"trail";"Whisky Trail (Gids Stanley)";"Zaterdag 14 Nov 2026";"20:00 - 20:30 uur";"5.00";"Informatie-stand";"avond";"";"Nee";""
"dh-trail-87-whisky-trail-gids-ernst";"trail";"Whisky Trail (Gids Ernst)";"Zaterdag 14 Nov 2026";"20:30 - 21:00 uur";"5.00";"Informatie-stand";"avond";"";"Nee";""
"dh-trail-88-whisky-trail-gids-marly";"trail";"Whisky Trail (Gids Marly)";"Zaterdag 14 Nov 2026";"20:30 - 21:00 uur";"5.00";"Informatie-stand";"avond";"";"Nee";""
"dh-trail-89-whisky-trail-gids-sebastiaan";"trail";"Whisky Trail (Gids Sebastiaan)";"Zaterdag 14 Nov 2026";"20:30 - 21:00 uur";"5.00";"Informatie-stand";"avond";"";"Nee";""
"dh-trail-90-whisky-trail-gids-klaas";"trail";"Whisky Trail (Gids Klaas)";"Zaterdag 14 Nov 2026";"21:00 - 21:30 uur";"5.00";"Informatie-stand";"avond";"";"Nee";""
"dh-trail-91-whisky-trail-gids-stanley";"trail";"Whisky Trail (Gids Stanley)";"Zaterdag 14 Nov 2026";"21:00 - 21:30 uur";"5.00";"Informatie-stand";"avond";"";"Nee";""
"dh-trail-92-whisky-trail-gids-ernst";"trail";"Whisky Trail (Gids Ernst)";"Zaterdag 14 Nov 2026";"21:30 - 22:00 uur";"5.00";"Informatie-stand";"avond";"";"Nee";""
"dh-trail-93-whisky-trail-gids-marly";"trail";"Whisky Trail (Gids Marly)";"Zaterdag 14 Nov 2026";"21:30 - 22:00 uur";"5.00";"Informatie-stand";"avond";"";"Nee";""
"dh-trail-94-whisky-trail-gids-sebastiaan";"trail";"Whisky Trail (Gids Sebastiaan)";"Zaterdag 14 Nov 2026";"21:30 - 22:00 uur";"5.00";"Informatie-stand";"avond";"";"Nee";""
"dh-trail-95-whisky-trail-gids-ernst";"trail";"Whisky Trail (Gids Ernst)";"Zondag 15 Nov 2026";"14:00 - 14:30 uur";"5.00";"Informatie-stand";"middag";"";"Nee";""
"dh-trail-96-whisky-trail-gids-marly";"trail";"Whisky Trail (Gids Marly)";"Zondag 15 Nov 2026";"14:00 - 14:30 uur";"5.00";"Informatie-stand";"middag";"";"Nee";""
"dh-trail-97-whisky-trail-gids-sebastiaan";"trail";"Whisky Trail (Gids Sebastiaan)";"Zondag 15 Nov 2026";"14:00 - 14:30 uur";"5.00";"Informatie-stand";"middag";"";"Nee";""
"dh-trail-98-whisky-trail-gids-klaas";"trail";"Whisky Trail (Gids Klaas)";"Zondag 15 Nov 2026";"14:30 - 15:00 uur";"5.00";"Informatie-stand";"middag";"";"Nee";""
"dh-trail-99-whisky-trail-gids-stanley";"trail";"Whisky Trail (Gids Stanley)";"Zondag 15 Nov 2026";"14:30 - 15:00 uur";"5.00";"Informatie-stand";"middag";"";"Nee";""
"dh-trail-100-whisky-trail-gids-ernst";"trail";"Whisky Trail (Gids Ernst)";"Zondag 15 Nov 2026";"15:00 - 15:30 uur";"5.00";"Informatie-stand";"middag";"";"Nee";""
"dh-trail-101-whisky-trail-gids-marly";"trail";"Whisky Trail (Gids Marly)";"Zondag 15 Nov 2026";"15:00 - 15:30 uur";"5.00";"Informatie-stand";"middag";"";"Nee";""
"dh-trail-102-whisky-trail-gids-sebastiaan";"trail";"Whisky Trail (Gids Sebastiaan)";"Zondag 15 Nov 2026";"15:00 - 15:30 uur";"5.00";"Informatie-stand";"middag";"";"Nee";""
"dh-trail-103-whisky-trail-gids-klaas";"trail";"Whisky Trail (Gids Klaas)";"Zondag 15 Nov 2026";"15:30 - 16:00 uur";"5.00";"Informatie-stand";"middag";"";"Nee";""
"dh-trail-104-whisky-trail-gids-stanley";"trail";"Whisky Trail (Gids Stanley)";"Zondag 15 Nov 2026";"15:30 - 16:00 uur";"5.00";"Informatie-stand";"middag";"";"Nee";""
"dh-warehouse-14-warehouse-tasting-cley-distill";"warehouse";"Warehouse Tasting: Cley Distillery";"Vrijdag 13 Nov 2026";"14:00 - 14:30 uur";"20.00";"Kerk- stand Cley";"middag";"sold-out";"Ja";""
"dh-warehouse-15-warehouse-tasting-cley-distill";"warehouse";"Warehouse Tasting: Cley Distillery";"Vrijdag 13 Nov 2026";"15:00 - 15:30 uur";"20.00";"Kerk- stand Cley";"middag";"sold-out";"Ja";""
"dh-warehouse-16-warehouse-tasting-cley-distill";"warehouse";"Warehouse Tasting: Cley Distillery";"Vrijdag 13 Nov 2026";"16:00 - 16:30 uur";"20.00";"Kerk- stand Cley";"middag";"sold-out";"Ja";""
"dh-warehouse-17-warehouse-tasting-cley-distill";"warehouse";"Warehouse Tasting: Cley Distillery";"Vrijdag 13 Nov 2026";"20:00 - 20:30 uur";"20.00";"Kerk- stand Cley";"avond";"";"Nee";""
"dh-warehouse-18-warehouse-tasting-cley-distill";"warehouse";"Warehouse Tasting: Cley Distillery";"Vrijdag 13 Nov 2026";"21:00 - 21:30 uur";"20.00";"Kerk- stand Cley";"avond";"";"Nee";""
"dh-warehouse-19-warehouse-tasting-cley-distill";"warehouse";"Warehouse Tasting: Cley Distillery";"Vrijdag 13 Nov 2026";"22:00 - 22:30 uur";"20.00";"Kerk- stand Cley";"avond";"";"Nee";""
"dh-warehouse-20-warehouse-tasting-cley-distill";"warehouse";"Warehouse Tasting: Cley Distillery";"Zaterdag 14 Nov 2026";"14:00 - 14:30 uur";"20.00";"Kerk- stand Cley";"middag";"";"Nee";""
"dh-warehouse-21-warehouse-tasting-cley-distill";"warehouse";"Warehouse Tasting: Cley Distillery";"Zaterdag 14 Nov 2026";"15:00 - 15:30 uur";"20.00";"Kerk- stand Cley";"middag";"";"Nee";""
"dh-warehouse-22-warehouse-tasting-cley-distill";"warehouse";"Warehouse Tasting: Cley Distillery";"Zaterdag 14 Nov 2026";"16:00 - 16:30 uur";"20.00";"Kerk- stand Cley";"middag";"";"Nee";""
"dh-warehouse-23-warehouse-tasting-cley-distill";"warehouse";"Warehouse Tasting: Cley Distillery";"Zaterdag 14 Nov 2026";"20:00 - 20:30 uur";"20.00";"Kerk- stand Cley";"avond";"";"Nee";""
"dh-warehouse-24-warehouse-tasting-cley-distill";"warehouse";"Warehouse Tasting: Cley Distillery";"Zaterdag 14 Nov 2026";"21:00 - 21:30 uur";"20.00";"Kerk- stand Cley";"avond";"";"Nee";""
"dh-warehouse-25-warehouse-tasting-cley-distill";"warehouse";"Warehouse Tasting: Cley Distillery";"Zaterdag 14 Nov 2026";"22:00 - 22:30 uur";"20.00";"Kerk- stand Cley";"avond";"";"Nee";""
"dh-warehouse-26-warehouse-tasting-cley-distill";"warehouse";"Warehouse Tasting: Cley Distillery";"Zondag 15 Nov 2026";"14:00 - 14:30 uur";"20.00";"Kerk- stand Cley";"middag";"";"Nee";""
"dh-warehouse-27-warehouse-tasting-cley-distill";"warehouse";"Warehouse Tasting: Cley Distillery";"Zondag 15 Nov 2026";"15:00 - 15:30 uur";"20.00";"Kerk- stand Cley";"middag";"";"Nee";""
"dh-warehouse-28-warehouse-tasting-cley-distill";"warehouse";"Warehouse Tasting: Cley Distillery";"Zondag 15 Nov 2026";"16:00 - 16:30 uur";"20.00";"Kerk- stand Cley";"middag";"";"Nee";""
"dh-vatenmaken-115-workshop-vatenmaken-kuiperij";"vatenmaken";"Workshop Vatenmaken & Kuiperij";"Vrijdag 13 Nov 2026";"14:30 - 15:00 uur";"5.00";"Buitenterrein";"middag";"";"Nee";""
"dh-vatenmaken-116-workshop-vatenmaken-kuiperij";"vatenmaken";"Workshop Vatenmaken & Kuiperij";"Vrijdag 13 Nov 2026";"15:30 - 16:00 uur";"5.00";"Buitenterrein";"middag";"";"Nee";""
"dh-vatenmaken-117-workshop-vatenmaken-kuiperij";"vatenmaken";"Workshop Vatenmaken & Kuiperij";"Vrijdag 13 Nov 2026";"20:30 - 21:00 uur";"5.00";"Buitenterrein";"avond";"";"Nee";""
"dh-vatenmaken-118-workshop-vatenmaken-kuiperij";"vatenmaken";"Workshop Vatenmaken & Kuiperij";"Vrijdag 13 Nov 2026";"21:30 - 22:00 uur";"5.00";"Buitenterrein";"avond";"";"Nee";""
"dh-vatenmaken-119-workshop-vatenmaken-kuiperij";"vatenmaken";"Workshop Vatenmaken & Kuiperij";"Zaterdag 14 Nov 2026";"14:30 - 15:00 uur";"5.00";"Buitenterrein";"middag";"";"Nee";""
"dh-vatenmaken-120-workshop-vatenmaken-kuiperij";"vatenmaken";"Workshop Vatenmaken & Kuiperij";"Zaterdag 14 Nov 2026";"15:30 - 16:00 uur";"5.00";"Buitenterrein";"middag";"";"Nee";""
"dh-vatenmaken-121-workshop-vatenmaken-kuiperij";"vatenmaken";"Workshop Vatenmaken & Kuiperij";"Zaterdag 14 Nov 2026";"20:30 - 21:00 uur";"5.00";"Buitenterrein";"avond";"";"Nee";""
"dh-vatenmaken-122-workshop-vatenmaken-kuiperij";"vatenmaken";"Workshop Vatenmaken & Kuiperij";"Zaterdag 14 Nov 2026";"21:30 - 22:00 uur";"5.00";"Buitenterrein";"avond";"";"Nee";""
"dh-vatenmaken-123-workshop-vatenmaken-kuiperij";"vatenmaken";"Workshop Vatenmaken & Kuiperij";"Zondag 15 Nov 2026";"14:30 - 15:00 uur";"5.00";"Buitenterrein";"middag";"";"Nee";""
"dh-vatenmaken-124-workshop-vatenmaken-kuiperij";"vatenmaken";"Workshop Vatenmaken & Kuiperij";"Zondag 15 Nov 2026";"15:30 - 16:00 uur";"5.00";"Buitenterrein";"middag";"";"Nee";""
"dh-botteling-9-festival-botteling-amrut-singl";"botteling";"Festival Botteling: Amrut Single Cask #9318 (Vat A)";"";"";"85.00";"Grote Kerk";"all";"popular";"Nee";""
"dh-botteling-10-festival-botteling-amrut-singl";"botteling";"Festival Botteling: Amrut Single Cask #3464 (Vat B)";"";"";"85.00";"Grote Kerk";"all";"popular";"Nee";""
"dh-botteling-11-festival-botteling-kilchoman-1";"botteling";"Festival Botteling: Kilchoman 18YO Single Cask";"";"";"385.00";"Grote Kerk";"all";"popular";"Nee";""
"dh-botteling-12-festival-botteling-kilchoman-7";"botteling";"Festival Botteling: Kilchoman 7YO STR Cask Finish";"";"";"90.00";"Grote Kerk";"all";"popular";"Nee";""